Playlist Id,Channel Id,Time Created,Time Updated,Title,Description,Visibility
LL2F5tteOsYYS25bwfBN4mRA,UC2F5tteOsYYS25bwfBN4mRA,2018-08-03 17:35:23 UTC,2020-09-27 18:43:30 UTC,Liked videos,,Private


Video Id,Time Added
_3-znZQ15j4,2020-09-27 18:43:30 UTC
ChKDhl_KEoI,2020-09-27 18:39:25 UTC
IwSzq3Uyu7w,2020-09-02 23:39:56 UTC
aVo0pnh0AM8,2020-07-03 14:41:56 UTC
5cPW0ggFq04,2020-07-01 07:21:57 UTC
1QMg_rt72L8,2020-07-01 07:16:14 UTC
loOWKm8GW6A,2020-06-25 23:56:18 UTC
83xBPCw5hh4,2020-06-17 16:35:15 UTC
nEmehcK7KfQ,2020-06-17 16:33:37 UTC
M9tCMI1MYQQ,2020-06-17 16:32:44 UTC
CLk2ol_AAi8,2020-06-17 16:32:32 UTC
n1MWu17tUbU,2020-05-28 04:42:27 UTC
oKUTDgk8grA,2020-04-21 02:20:04 UTC
lHllfpf4d2M,2020-04-04 04:14:03 UTC
mkLWC-clCjk,2020-03-22 16:14:51 UTC
TrB-AuYq4uk,2020-02-20 17:07:16 UTC
cCdLh3_qKU8,2020-02-20 16:52:13 UTC
szwbVUE047E,2020-01-08 15:26:26 UTC
s0hb5RrK7o0,2019-12-04 06:06:38 UTC
gT5DpOiQ_WA,2019-12-04 06:04:42 UTC
Mxfy_0R2uzc,2019-10-28 16:58:06 UTC
er8MQ376Jeo,2019-10-25 16:20:03 UTC
zM9Z2rzAvBI,2019-10-24 19:04:21 UTC
6sdmzzD_MTU,2019-10-16 21:25:25 UTC
0uB51rIerjg,2019-10-09 19:36:25 UTC
53BL_kfKyyo,2019-10-09 19:31:58 UTC
RqLkA3pak1o,2019-10-09 19:30:15 UTC
kHd-_Ck1YVg,2019-09-16 15:19:24 UTC
PF_54ruUthI,2019-09-11 15:01:12 UTC
omMpqbuyDdc,2019-09-09 19:24:54 UTC
83Ntpeih4f4,2019-09-05 16:41:02 UTC
n2-KlNwcTdk,2019-09-04 20:26:27 UTC
zCkLTZ8HI-g,2019-09-03 20:51:36 UTC
ruyaKdPfTN4,2019-09-03 20:48:53 UTC
YKaFzpYPXjQ,2019-09-03 20:47:39 UTC
E8_daN1PW-M,2019-08-11 04:49:01 UTC
XX56kWAH2P4,2019-08-05 21:54:46 UTC
n1jrt4QBAr8,2019-08-05 21:38:11 UTC
C7nX5CKP-B0,2019-07-22 18:52:22 UTC
ECauOspKQ5s,2019-07-04 19:43:43 UTC
3Eekjqg3vE0,2019-07-04 19:41:45 UTC
vPGNIAtv40E,2019-06-28 17:54:17 UTC
NHZrrr7ZuLA,2019-06-28 17:53:42 UTC
NLKPU-HyvNU,2019-05-30 22:19:49 UTC
QDiheT_-BKQ,2019-05-30 22:18:08 UTC
epVTicHNWv8,2019-05-30 22:14:28 UTC
TvUdQlMUFGQ,2019-05-22 21:46:53 UTC
DNB9IC0UXto,2019-05-07 22:32:58 UTC
gUcisIlT7sM,2019-05-07 22:27:19 UTC
uIMTotom_8I,2019-04-16 19:46:39 UTC
PfrV_6yWbEg,2019-04-16 19:32:00 UTC
fPO76Jlnz6c,2019-04-16 19:27:36 UTC
dXGmcN1eNe0,2019-04-04 03:58:28 UTC
av5JD1dfj_c,2019-04-01 19:02:54 UTC
awzNHuGqoMc,2019-03-09 22:06:39 UTC
_zYGeRbPS2Q,2019-02-24 19:10:33 UTC
M1C6rJIqc-I,2019-02-22 15:00:01 UTC
QC0itpRs8N0,2019-02-22 14:44:15 UTC
fT2doAEG3Kc,2019-02-14 19:48:14 UTC
hzAWq6btY2w,2019-02-08 20:38:23 UTC
h6SiAS7Wnmo,2019-02-08 20:25:36 UTC
uoOSCcvRbEw,2019-02-05 02:25:05 UTC
NF51onF70VQ,2019-02-05 02:20:24 UTC
2xjg4uvB9UQ,2019-02-05 02:18:58 UTC
OiEVfJKOCzE,2019-02-02 19:02:21 UTC
GbB1CLHI-q0,2019-01-24 19:58:04 UTC
7UoP9ABJXGE,2018-12-23 03:51:09 UTC
QPfN-flRzuQ,2018-12-19 17:18:55 UTC
t1Rcfrx31D4,2018-12-06 17:42:06 UTC
VoCi43RdhgI,2018-12-06 17:41:51 UTC
xqS27GxZezk,2018-12-06 17:41:41 UTC
Qg36srPg64k,2018-12-06 17:40:40 UTC
768K2D-T2DA,2018-12-06 17:35:54 UTC
enbTb8PizTI,2018-11-27 06:48:04 UTC
NIxRZ31ewS0,2018-11-27 06:38:58 UTC
dMrImMedYRo,2018-11-27 06:36:40 UTC
vsQzw_Ax8Cw,2018-11-27 06:27:07 UTC
Jf9un6-6xBY,2018-11-26 16:07:39 UTC
096t3RyU0jY,2018-11-26 15:53:36 UTC
Vjf1MKEexH0,2018-11-25 17:07:29 UTC
dfzlUHOFQ5k,2018-11-11 04:31:14 UTC
YMqxfiESR6A,2018-11-08 16:19:50 UTC
4GFAZBKZVJY,2018-11-08 06:31:52 UTC
2e9diL0xTN4,2018-11-07 20:07:06 UTC
au2n7VVGv_c,2018-11-07 03:32:59 UTC
oDXWAWz_eN4,2018-11-05 05:04:21 UTC
A6Uy1Lg2nes,2018-11-05 05:02:35 UTC
vrYRmoVRJpw,2018-11-05 05:02:20 UTC
7ZGykETAd3A,2018-11-04 15:19:16 UTC
xaHyvAMLk7U,2018-11-04 15:04:57 UTC
udnGW3E1vxY,2018-11-04 14:50:04 UTC
q31tGyBJhRY,2018-11-04 14:40:36 UTC
2YEUKEEs3R8,2018-11-04 06:13:28 UTC
IdGIZjVWrzY,2018-11-04 06:07:45 UTC
t5THbA_MLLc,2018-11-04 05:50:52 UTC
ShZ978fBl6Y,2018-11-04 05:48:31 UTC
0yW7w8F2TVA,2018-11-04 05:40:35 UTC
bm1UtTmfTR8,2018-11-04 05:25:02 UTC
8aUzwbp_NfI,2018-11-04 05:21:31 UTC
4R5BTj4OPf8,2018-11-04 05:18:53 UTC
5PaJ-BHmWiE,2018-11-04 05:14:21 UTC
rItv9i6c7AY,2018-11-04 05:07:21 UTC
Thvm6dADOms,2018-11-04 05:04:10 UTC
p_IwENcMPOA,2018-11-04 05:03:45 UTC
J_ub7Etch2U,2018-11-04 05:01:36 UTC
MCx6NnGYHh0,2018-11-03 20:03:37 UTC
p0HsEFkDwUo,2018-10-23 19:28:14 UTC
XEEasR7hVhA,2018-10-16 13:32:14 UTC
GlYoeRa1NyQ,2018-10-09 16:07:02 UTC
iEblJxQz_3k,2018-10-09 15:59:42 UTC
tt2k8PGm-TI,2018-10-08 18:32:31 UTC
kQKXXeFcuYw,2018-10-08 18:20:22 UTC
TtCtpKDSw3s,2018-10-08 18:18:24 UTC
tX-2HEhmOgs,2018-10-08 18:17:51 UTC
DmF6V1_otf4,2018-10-08 18:09:35 UTC
He6HUBqj-Us,2018-10-05 21:41:36 UTC
eQL_Y0giWpI,2018-10-05 21:10:12 UTC
MEdru241IXc,2018-10-05 20:04:26 UTC
lmG9brEfxhQ,2018-10-05 12:22:23 UTC
5abamRO41fE,2018-10-01 22:41:31 UTC
we948xRVEns,2018-09-21 23:02:13 UTC
k-LlDK4ju3Q,2018-09-21 20:09:55 UTC
547DlGNUnMA,2018-09-21 20:06:49 UTC
L3dtIyt6U1E,2018-09-21 20:03:01 UTC
XbGs_qK2PQA,2018-09-21 19:30:44 UTC
v4HypMP3J04,2018-09-21 19:20:04 UTC
89Pigk8FlC8,2018-09-21 14:44:02 UTC
owNLKhm2B0U,2018-09-21 13:51:23 UTC
lHKv20bammk,2018-09-20 22:54:34 UTC
UHmkxLWes2E,2018-09-19 00:08:36 UTC
FxQTY-W6GIo,2018-09-18 23:55:59 UTC
m7s0Xcx9GKE,2018-09-18 23:46:46 UTC
0wHANLrtKas,2018-09-18 19:45:50 UTC
nPXu50W6oO8,2018-09-16 23:55:05 UTC
SsKT0s5J8ko,2018-09-16 02:42:04 UTC
zGUq5xn5tzM,2018-09-16 02:29:15 UTC
_9yTFurS6nk,2018-09-16 02:13:35 UTC
a-rqu-hjobc,2018-09-15 19:04:05 UTC
nRNQCrRnpX8,2018-09-14 17:57:26 UTC
HSSKiM8Hh14,2018-09-13 00:27:38 UTC
bq-JbjjuNu4,2018-09-11 22:16:09 UTC
 -fToGHhnGO0,2018-09-11 22:08:37 UTC
1AY-7thQIFY,2018-09-04 19:54:40 UTC
Cg6eOUSbEGc,2018-09-04 19:51:23 UTC
8GyVx28R9-s,2018-08-07 17:54:01 UTC
OJyB6dZIrb0,2018-08-06 21:55:16 UTC
4_4YF4bpjXk,2018-08-06 17:29:50 UTC
jdXeP0n2Cdc,2018-08-03 17:39:25 UTC
 -pdKk64dmJE,2018-08-03 17:35:23 UTC
