Playlist Id,Channel Id,Time Created,Time Updated,Title,Description,Visibility
PLtqlfE0aRXTYS93BjkF10_JL8oNhWwLZh,UC2F5tteOsYYS25bwfBN4mRA,2018-07-27 06:27:06 UTC,2020-12-04 14:26:40 UTC,Watch later,,Private


Video Id,Time Added
_3-znZQ15j4,2020-09-27 18:46:01 UTC
HSSKiM8Hh14,2020-07-01 07:29:09 UTC
_z1aJvUTXUY,2020-07-01 07:26:26 UTC
dfzlUHOFQ5k,2020-07-01 07:23:37 UTC
5cPW0ggFq04,2020-07-01 07:23:15 UTC
h41smk5QENY,2020-07-01 07:20:25 UTC
JoUXFu_W5eo,2020-07-01 07:19:55 UTC
1QMg_rt72L8,2020-07-01 07:14:43 UTC
loOWKm8GW6A,2020-06-25 23:56:20 UTC
SsKT0s5J8ko,2020-06-24 20:51:26 UTC
zlJDTxahav0,2020-06-20 18:26:43 UTC
vsQzw_Ax8Cw,2020-06-19 00:28:13 UTC
83xBPCw5hh4,2020-06-17 16:35:31 UTC
nEmehcK7KfQ,2020-06-17 16:33:44 UTC
M9tCMI1MYQQ,2020-06-17 16:32:46 UTC
CLk2ol_AAi8,2020-06-17 16:32:40 UTC
DmF6V1_otf4,2018-10-09 16:01:43 UTC
iEblJxQz_3k,2018-10-09 16:00:01 UTC
TtCtpKDSw3s,2018-10-08 18:18:39 UTC
MEdru241IXc,2018-10-08 18:16:45 UTC
