{
    "Apps": [],
    "App Settings": [],
    "Preferences": [
        {
            "name": "translate_site_blacklist_with_time",
            "value": "{}"
},
        {
            "name": "translate_ignored_count_for_language",
            "value": "{\"fr\":0}"
},
        {
            "name": "translate_denied_count_for_language",
            "value": "{\"fr\":0}"
},
        {
            "name": "translate_accepted_count",
            "value": "{\"fr\":1}"
},
        {
            "name": "translate_recent_target",
            "value": "\"en\""
},
        {
            "name": "suggestions.articles_enabled",
            "value": "false"
},
        {
            "name": "browser.clear_data.browsing_history",
            "value": "false"
},
        {
            "name": "browser.clear_data.cookies",
            "value": "false"
},
        {
            "name": "browser.clear_data.cache",
            "value": "false"
}
    ],
    "Themes": []
}