Title,Note,URL,Comment
21 Lion Tattoo - 818 | Img Pic | tatuajes,,https://imgpic.org/upload/images/1b5eaf74-d924-3e63-1612-5a94d25223d2.jpg,
"Wedding Vows :: Personal, Secular | Snippet & Ink Snippet & Ink",,http://snippetandink.com/wp-content/uploads/2016/07/WeddingVows_Personal_Secular.jpg,
"▷ 1001 + coole Löwen Tattoo Ideen zur Inspiration | Tattoo Ideen | 
Pinterest | Tattoo and Tatting",,https://i.pinimg.com/originals/94/1e/ac/941eac86e3adf809db7306b4881a43a8.jpg,
"Tattoo Motive Löwe Erstaunliche 1001 Coole Löwen Tattoo Ideen Zur 
Inspiration - Tattoo-Ideen",,https://boiline.info/wp-content/uploads/2018/08/tattoo-motive-lowe-erstaunliche-1001-coole-lowen-tattoo-ideen-zur-inspiration-of-tattoo-motive-lowe.jpg,
60 Lion Sleeve Tattoo Designs For Men - Masculine Ideas,,http://nextluxury.com/wp-content/uploads/manly-guys-full-sleeve-lion-tattoos.jpg,
Top 100 Best Forearm Tattoos for Men - Unique Designs & Cool ideas | Improb,,https://nrxj22ouo2d2h4am03qhpik1-wpengine.netdna-ssl.com/wp-content/uploads/2018/02/c201b89895d969e62cd15450943dacf9.jpg,
The King: 105 Best Lion Tattoos for Men | Improb,,https://nrxj22ouo2d2h4am03qhpik1-wpengine.netdna-ssl.com/wp-content/uploads/2018/02/roaring-lion-tattoo-samurai.jpg,
