{
  "conversations": [
    {
      "conversation": {
        "conversation_id": {
          "id": "UgxSLYN7QFN2EO0bmCl4AaABAQ"
        },
        "conversation": {
          "id": {
            "id": "UgxSLYN7QFN2EO0bmCl4AaABAQ"
          },
          "type": "GROUP",
          "name": "Mary White",
          "self_conversation_state": {
            "self_read_state": {
              "participant_id": {
                "gaia_id": "112070878844913451690",
                "chat_id": "112070878844913451690"
              },
              "latest_read_timestamp": "0"
            },
            "status": "INVITED",
            "notification_level": "QUIET",
            "view": [
              "INBOX_VIEW"
            ],
            "inviter_id": {
              "gaia_id": "105995848634070284994",
              "chat_id": "105995848634070284994"
            },
            "invite_timestamp": "1594885286082000",
            "sort_timestamp": "1594885292344382",
            "invite_affinity": "LOW",
            "delivery_medium_option": [
              {
                "delivery_medium": {
                  "medium_type": "BABEL_MEDIUM"
                },
                "current_default": true
              }
            ],
            "invitation_display_type": "CHAT"
          },
          "read_state": [
            {
              "participant_id": {
                "gaia_id": "114421020630560312495",
                "chat_id": "114421020630560312495"
              },
              "latest_read_timestamp": "0"
            },
            {
              "participant_id": {
                "gaia_id": "106423326564409723400",
                "chat_id": "106423326564409723400"
              },
              "latest_read_timestamp": "0"
            },
            {
              "participant_id": {
                "gaia_id": "112070878844913451690",
                "chat_id": "112070878844913451690"
              },
              "latest_read_timestamp": "0"
            },
            {
              "participant_id": {
                "gaia_id": "103114014364626177670",
                "chat_id": "103114014364626177670"
              },
              "latest_read_timestamp": "0"
            },
            {
              "participant_id": {
                "gaia_id": "102534793827230341032",
                "chat_id": "102534793827230341032"
              },
              "latest_read_timestamp": "0"
            },
            {
              "participant_id": {
                "gaia_id": "110505594366051427167",
                "chat_id": "110505594366051427167"
              },
              "latest_read_timestamp": "0"
            },
            {
              "participant_id": {
                "gaia_id": "113643405644605820531",
                "chat_id": "113643405644605820531"
              },
              "latest_read_timestamp": "0"
            },
            {
              "participant_id": {
                "gaia_id": "100431270168408412958",
                "chat_id": "100431270168408412958"
              },
              "latest_read_timestamp": "0"
            },
            {
              "participant_id": {
                "gaia_id": "101429063672807153117",
                "chat_id": "101429063672807153117"
              },
              "latest_read_timestamp": "0"
            },
            {
              "participant_id": {
                "gaia_id": "109871031137433017009",
                "chat_id": "109871031137433017009"
              },
              "latest_read_timestamp": "0"
            },
            {
              "participant_id": {
                "gaia_id": "105995848634070284994",
                "chat_id": "105995848634070284994"
              },
              "latest_read_timestamp": "0"
            },
            {
              "participant_id": {
                "gaia_id": "110277980241845989847",
                "chat_id": "110277980241845989847"
              },
              "latest_read_timestamp": "0"
            }
          ],
          "has_active_hangout": false,
          "otr_status": "ON_THE_RECORD",
          "otr_toggle": "ENABLED",
          "current_participant": [
            {
              "gaia_id": "100431270168408412958",
              "chat_id": "100431270168408412958"
            },
            {
              "gaia_id": "109871031137433017009",
              "chat_id": "109871031137433017009"
            },
            {
              "gaia_id": "103114014364626177670",
              "chat_id": "103114014364626177670"
            },
            {
              "gaia_id": "101429063672807153117",
              "chat_id": "101429063672807153117"
            },
            {
              "gaia_id": "110505594366051427167",
              "chat_id": "110505594366051427167"
            },
            {
              "gaia_id": "112070878844913451690",
              "chat_id": "112070878844913451690"
            },
            {
              "gaia_id": "102534793827230341032",
              "chat_id": "102534793827230341032"
            },
            {
              "gaia_id": "114421020630560312495",
              "chat_id": "114421020630560312495"
            },
            {
              "gaia_id": "110277980241845989847",
              "chat_id": "110277980241845989847"
            },
            {
              "gaia_id": "113643405644605820531",
              "chat_id": "113643405644605820531"
            },
            {
              "gaia_id": "105995848634070284994",
              "chat_id": "105995848634070284994"
            },
            {
              "gaia_id": "106423326564409723400",
              "chat_id": "106423326564409723400"
            }
          ],
          "participant_data": [
            {
              "id": {
                "gaia_id": "114421020630560312495",
                "chat_id": "114421020630560312495"
              },
              "fallback_name": "melgozajamez@gmail.com",
              "invitation_status": "PENDING_INVITATION",
              "participant_type": "GAIA",
              "new_invitation_status": "PENDING_INVITATION",
              "in_different_customer_as_requester": false,
              "domain_id": "105250506097979753968"
            },
            {
              "id": {
                "gaia_id": "106423326564409723400",
                "chat_id": "106423326564409723400"
              },
              "fallback_name": "rafaeleden13@gmail.com",
              "invitation_status": "PENDING_INVITATION",
              "participant_type": "GAIA",
              "new_invitation_status": "PENDING_INVITATION",
              "in_different_customer_as_requester": false,
              "domain_id": "105250506097979753968"
            },
            {
              "id": {
                "gaia_id": "112070878844913451690",
                "chat_id": "112070878844913451690"
              },
              "fallback_name": "1988chrisflores@gmail.com",
              "invitation_status": "PENDING_INVITATION",
              "participant_type": "GAIA",
              "new_invitation_status": "PENDING_INVITATION",
              "in_different_customer_as_requester": false,
              "domain_id": "105250506097979753968"
            },
            {
              "id": {
                "gaia_id": "103114014364626177670",
                "chat_id": "103114014364626177670"
              },
              "fallback_name": "bjvald0203@gmail.com",
              "invitation_status": "PENDING_INVITATION",
              "participant_type": "GAIA",
              "new_invitation_status": "PENDING_INVITATION",
              "in_different_customer_as_requester": false,
              "domain_id": "105250506097979753968"
            },
            {
              "id": {
                "gaia_id": "102534793827230341032",
                "chat_id": "102534793827230341032"
              },
              "fallback_name": "wjacq069@gmail.com",
              "invitation_status": "PENDING_INVITATION",
              "participant_type": "GAIA",
              "new_invitation_status": "PENDING_INVITATION",
              "in_different_customer_as_requester": false,
              "domain_id": "105250506097979753968"
            },
            {
              "id": {
                "gaia_id": "110505594366051427167",
                "chat_id": "110505594366051427167"
              },
              "fallback_name": "dashley2021@gmail.com",
              "invitation_status": "PENDING_INVITATION",
              "participant_type": "GAIA",
              "new_invitation_status": "PENDING_INVITATION",
              "in_different_customer_as_requester": false,
              "domain_id": "105250506097979753968"
            },
            {
              "id": {
                "gaia_id": "113643405644605820531",
                "chat_id": "113643405644605820531"
              },
              "fallback_name": "loljinx123@gmail.com",
              "invitation_status": "PENDING_INVITATION",
              "participant_type": "GAIA",
              "new_invitation_status": "PENDING_INVITATION",
              "in_different_customer_as_requester": false,
              "domain_id": "105250506097979753968"
            },
            {
              "id": {
                "gaia_id": "100431270168408412958",
                "chat_id": "100431270168408412958"
              },
              "fallback_name": "tdpadgett02@gmail.com",
              "invitation_status": "PENDING_INVITATION",
              "participant_type": "GAIA",
              "new_invitation_status": "PENDING_INVITATION",
              "in_different_customer_as_requester": false,
              "domain_id": "105250506097979753968"
            },
            {
              "id": {
                "gaia_id": "101429063672807153117",
                "chat_id": "101429063672807153117"
              },
              "fallback_name": "kylanhager@gmail.com",
              "invitation_status": "PENDING_INVITATION",
              "participant_type": "GAIA",
              "new_invitation_status": "PENDING_INVITATION",
              "in_different_customer_as_requester": false,
              "domain_id": "105250506097979753968"
            },
            {
              "id": {
                "gaia_id": "109871031137433017009",
                "chat_id": "109871031137433017009"
              },
              "fallback_name": "mandeepberlin1@gmail.com",
              "invitation_status": "PENDING_INVITATION",
              "participant_type": "GAIA",
              "new_invitation_status": "PENDING_INVITATION",
              "in_different_customer_as_requester": false,
              "domain_id": "105250506097979753968"
            },
            {
              "id": {
                "gaia_id": "105995848634070284994",
                "chat_id": "105995848634070284994"
              },
              "fallback_name": "susen mix",
              "invitation_status": "ACCEPTED_INVITATION",
              "participant_type": "GAIA",
              "new_invitation_status": "ACCEPTED_INVITATION",
              "in_different_customer_as_requester": false,
              "domain_id": "105250506097979753968"
            },
            {
              "id": {
                "gaia_id": "110277980241845989847",
                "chat_id": "110277980241845989847"
              },
              "fallback_name": "bolandapril777@gmail.com",
              "invitation_status": "ACCEPTED_INVITATION",
              "participant_type": "GAIA",
              "new_invitation_status": "ACCEPTED_INVITATION",
              "in_different_customer_as_requester": false,
              "domain_id": "105250506097979753968"
            }
          ],
          "fork_on_external_invite": false,
          "network_type": [
            "BABEL"
          ],
          "force_history_state": "NO_FORCE",
          "group_link_sharing_status": "LINK_SHARING_OFF"
        }
      },
      "events": [
        {
          "conversation_id": {
            "id": "UgxSLYN7QFN2EO0bmCl4AaABAQ"
          },
          "sender_id": {
            "gaia_id": "105995848634070284994",
            "chat_id": "105995848634070284994"
          },
          "timestamp": "1594885292344382",
          "self_event_state": {
            "user_id": {
              "gaia_id": "112070878844913451690",
              "chat_id": "112070878844913451690"
            }
          },
          "chat_message": {
            "message_content": {
              "segment": [
                {
                  "type": "TEXT",
                  "text": "Hello, I hope your day is going well :) You remember me right? Let me freshen up your memory",
                  "formatting": {
                    "bold": false,
                    "italics": false,
                    "strikethrough": false,
                    "underline": false
                  }
                }
              ]
            }
          },
          "event_id": "9B9zNcY9yrT9B9zOH_nL5s",
          "advances_sort_timestamp": true,
          "event_otr": "ON_THE_RECORD",
          "delivery_medium": {
            "medium_type": "BABEL_MEDIUM"
          },
          "event_type": "REGULAR_CHAT_MESSAGE",
          "event_version": "1594885292344382"
        },
        {
          "conversation_id": {
            "id": "UgxSLYN7QFN2EO0bmCl4AaABAQ"
          },
          "sender_id": {
            "gaia_id": "110277980241845989847",
            "chat_id": "110277980241845989847"
          },
          "timestamp": "1597230007655728",
          "self_event_state": {
            "user_id": {
              "gaia_id": "112070878844913451690",
              "chat_id": "112070878844913451690"
            }
          },
          "chat_message": {
            "message_content": {
              "segment": [
                {
                  "type": "TEXT",
                  "text": "I'll tell you what, all these bot messages have ruined my sex life... so annoying ",
                  "formatting": {
                    "bold": false,
                    "italics": false,
                    "strikethrough": false,
                    "underline": false
                  }
                },
                {
                  "type": "LINK",
                  "text": "https://tirndrer.com/VTx5I1",
                  "link_data": {
                    "link_target": "https://www.google.com/url?q=https://tirndrer.com/VTx5I1&sa=D&source=hangouts&ust=1615942974135000&usg=AFQjCNHJWsk0qe6829vDEDYmp4MDezb-5A"
                  }
                }
              ]
            }
          },
          "event_id": "9B9zNcY9yrT9CFr_PqR_8P",
          "advances_sort_timestamp": true,
          "event_otr": "ON_THE_RECORD",
          "delivery_medium": {
            "medium_type": "BABEL_MEDIUM"
          },
          "event_type": "REGULAR_CHAT_MESSAGE",
          "event_version": "1597230007655728"
        },
        {
          "conversation_id": {
            "id": "UgxSLYN7QFN2EO0bmCl4AaABAQ"
          },
          "sender_id": {
            "gaia_id": "110277980241845989847",
            "chat_id": "110277980241845989847"
          },
          "timestamp": "1597321923931771",
          "self_event_state": {
            "user_id": {
              "gaia_id": "112070878844913451690",
              "chat_id": "112070878844913451690"
            }
          },
          "chat_message": {
            "annotation": [
              {
                "type": 5,
                "value": ""
              }
            ],
            "message_content": {
              "attachment": [
                {
                  "embed_item": {
                    "type": [
                      "PLUS_PHOTO"
                    ],
                    "plus_photo": {
                      "thumbnail": {
                        "url": "https://plus.google.com/photos/albums/p09ck8falt17pbhoo3v4v5curo9q2l72q?pid=6860445416578747250&oid=110277980241845989847",
                        "image_url": "https://lh3.googleusercontent.com/-xFtXQSEpcsw/XzUywhgiC3I/AAAAAAAADPI/yIjfso4vKec9XXvTQOhkADrjKl4p5kS8ACK8BGAsYHg/s0/2020-08-13.jpg",
                        "width_px": 200,
                        "height_px": 150
                      },
                      "owner_obfuscated_id": "110277980241845989847",
                      "album_id": "6860445420451391793",
                      "photo_id": "6860445416578747250",
                      "url": "https://lh3.googleusercontent.com/-xFtXQSEpcsw/XzUywhgiC3I/AAAAAAAADPI/yIjfso4vKec9XXvTQOhkADrjKl4p5kS8ACK8BGAsYHg/s0/2020-08-13.jpg",
                      "original_content_url": "https://lh3.googleusercontent.com/p1KH4tP-EMHb7WRrzLFKaa8-ttSoJ-lbvDF7gsHpT6L6I4xDuQS1DYmvP-0OLHqd47b0GnSjHrb_vTUPlw",
                      "media_type": "PHOTO",
                      "stream_id": [
                        "BABEL_UNIQUE_ID_bb302b35-2e1e-495c-8f54-215906ff905a",
                        "BABEL_STREAM_ID",
                        "shared_group_6860445416578747250"
                      ]
                    }
                  },
                  "id": "ph-3077746649958915754-fb"
                }
              ]
            }
          },
          "event_id": "9B9zNcY9yrT9CIatek0MQ3",
          "advances_sort_timestamp": true,
          "event_otr": "ON_THE_RECORD",
          "delivery_medium": {
            "medium_type": "BABEL_MEDIUM"
          },
          "event_type": "REGULAR_CHAT_MESSAGE",
          "event_version": "1597321923931771"
        },
        {
          "conversation_id": {
            "id": "UgxSLYN7QFN2EO0bmCl4AaABAQ"
          },
          "sender_id": {
            "gaia_id": "110277980241845989847",
            "chat_id": "110277980241845989847"
          },
          "timestamp": "1597321930784591",
          "self_event_state": {
            "user_id": {
              "gaia_id": "112070878844913451690",
              "chat_id": "112070878844913451690"
            }
          },
          "chat_message": {
            "message_content": {
              "segment": [
                {
                  "type": "TEXT",
                  "text": "When I look at you, everything else around me vanishes... You absolutely captivate me ",
                  "formatting": {
                    "bold": false,
                    "italics": false,
                    "strikethrough": false,
                    "underline": false
                  }
                },
                {
                  "type": "LINK",
                  "text": "https://friendflnder.com/XCXnI1",
                  "link_data": {
                    "link_target": "https://www.google.com/url?q=https://friendflnder.com/XCXnI1&sa=D&source=hangouts&ust=1615942974135000&usg=AFQjCNHyIGjsvEsfpbxH2fI4VE6I1cbgkA"
                  }
                }
              ]
            }
          },
          "event_id": "9B9zNcY9yrT9CIauVGsqak",
          "advances_sort_timestamp": true,
          "event_otr": "ON_THE_RECORD",
          "delivery_medium": {
            "medium_type": "BABEL_MEDIUM"
          },
          "event_type": "REGULAR_CHAT_MESSAGE",
          "event_version": "1597321930784591"
        },
        {
          "conversation_id": {
            "id": "UgxSLYN7QFN2EO0bmCl4AaABAQ"
          },
          "sender_id": {
            "gaia_id": "110277980241845989847",
            "chat_id": "110277980241845989847"
          },
          "timestamp": "1597452706365466",
          "self_event_state": {
            "user_id": {
              "gaia_id": "112070878844913451690",
              "chat_id": "112070878844913451690"
            }
          },
          "chat_message": {
            "message_content": {
              "segment": [
                {
                  "type": "TEXT",
                  "text": "I like to sleep naked, but tonight I'm really cold. I need company under these blankets...",
                  "formatting": {
                    "bold": false,
                    "italics": false,
                    "strikethrough": false,
                    "underline": false
                  }
                }
              ]
            }
          },
          "event_id": "9B9zNcY9yrT9CMVLJgogmT",
          "advances_sort_timestamp": true,
          "event_otr": "ON_THE_RECORD",
          "delivery_medium": {
            "medium_type": "BABEL_MEDIUM"
          },
          "event_type": "REGULAR_CHAT_MESSAGE",
          "event_version": "1597452706365466"
        },
        {
          "conversation_id": {
            "id": "UgxSLYN7QFN2EO0bmCl4AaABAQ"
          },
          "sender_id": {
            "gaia_id": "110277980241845989847",
            "chat_id": "110277980241845989847"
          },
          "timestamp": "1597929058158710",
          "self_event_state": {
            "user_id": {
              "gaia_id": "112070878844913451690",
              "chat_id": "112070878844913451690"
            }
          },
          "chat_message": {
            "annotation": [
              {
                "type": 5,
                "value": ""
              }
            ],
            "message_content": {
              "attachment": [
                {
                  "embed_item": {
                    "type": [
                      "PLUS_PHOTO"
                    ],
                    "plus_photo": {
                      "thumbnail": {
                        "url": "https://plus.google.com/photos/albums/p09ck8falt17pbhoo3v4v5curo9q2l72q?pid=6863053039615000434&oid=110277980241845989847",
                        "image_url": "https://lh3.googleusercontent.com/-WsJglOF1YIg/Xz52YKTqv3I/AAAAAAAAEd8/bdA89T-J1WkhzYcb0Dzgcm19ERgCp2tzgCK8BGAsYHg/s0/2020-08-20.jpg",
                        "width_px": 200,
                        "height_px": 150
                      },
                      "owner_obfuscated_id": "110277980241845989847",
                      "album_id": "6860445420451391793",
                      "photo_id": "6863053039615000434",
                      "url": "https://lh3.googleusercontent.com/-WsJglOF1YIg/Xz52YKTqv3I/AAAAAAAAEd8/bdA89T-J1WkhzYcb0Dzgcm19ERgCp2tzgCK8BGAsYHg/s0/2020-08-20.jpg",
                      "original_content_url": "https://lh3.googleusercontent.com/C2LXQF1DO2mHFVdiMDz64exa6TzE35_E-bYLO-Kjx_gycYgMrXvgrFtyMq3YCFoC_pp3wYFvExz5EdyNZQ",
                      "media_type": "PHOTO",
                      "stream_id": [
                        "BABEL_UNIQUE_ID_0d92ba25-747e-4fd8-b0fb-18d32422a2fc",
                        "BABEL_STREAM_ID",
                        "shared_group_6863053039615000434"
                      ]
                    }
                  },
                  "id": "ph-3313577424939366593-fb"
                }
              ]
            }
          },
          "event_id": "9B9zNcY9yrT9C_guj3TRWS",
          "advances_sort_timestamp": true,
          "event_otr": "ON_THE_RECORD",
          "delivery_medium": {
            "medium_type": "BABEL_MEDIUM"
          },
          "event_type": "REGULAR_CHAT_MESSAGE",
          "event_version": "1597929058158710"
        },
        {
          "conversation_id": {
            "id": "UgxSLYN7QFN2EO0bmCl4AaABAQ"
          },
          "sender_id": {
            "gaia_id": "110277980241845989847",
            "chat_id": "110277980241845989847"
          },
          "timestamp": "1597929060640873",
          "self_event_state": {
            "user_id": {
              "gaia_id": "112070878844913451690",
              "chat_id": "112070878844913451690"
            }
          },
          "chat_message": {
            "message_content": {
              "segment": [
                {
                  "type": "TEXT",
                  "text": "I'll find the genuine you, and I will make you happy ",
                  "formatting": {
                    "bold": false,
                    "italics": false,
                    "strikethrough": false,
                    "underline": false
                  }
                },
                {
                  "type": "LINK",
                  "text": "https://tirndrer.com/gqNbT1",
                  "link_data": {
                    "link_target": "https://www.google.com/url?q=https://tirndrer.com/gqNbT1&sa=D&source=hangouts&ust=1615942974135000&usg=AFQjCNGucWqXpFiDup02X-oX-1RZ8xhcLg"
                  }
                }
              ]
            }
          },
          "event_id": "9B9zNcY9yrT9C_gv1HQ9ev",
          "advances_sort_timestamp": true,
          "event_otr": "ON_THE_RECORD",
          "delivery_medium": {
            "medium_type": "BABEL_MEDIUM"
          },
          "event_type": "REGULAR_CHAT_MESSAGE",
          "event_version": "1597929060640873"
        },
        {
          "conversation_id": {
            "id": "UgxSLYN7QFN2EO0bmCl4AaABAQ"
          },
          "sender_id": {
            "gaia_id": "110277980241845989847",
            "chat_id": "110277980241845989847"
          },
          "timestamp": "1598161753893902",
          "self_event_state": {
            "user_id": {
              "gaia_id": "112070878844913451690",
              "chat_id": "112070878844913451690"
            }
          },
          "chat_message": {
            "message_content": {
              "segment": [
                {
                  "type": "TEXT",
                  "text": "Even if we live in different cities, regular meetings or sexual encounters are not next to impossible for us... I have ways )) ",
                  "formatting": {
                    "bold": false,
                    "italics": false,
                    "strikethrough": false,
                    "underline": false
                  }
                },
                {
                  "type": "LINK",
                  "text": "https://tirndrer.com/hm7XR1",
                  "link_data": {
                    "link_target": "https://www.google.com/url?q=https://tirndrer.com/hm7XR1&sa=D&source=hangouts&ust=1615942974135000&usg=AFQjCNFqFx3sS6PsKMP5O-ecBPMnBRGAKA"
                  }
                }
              ]
            }
          },
          "event_id": "9B9zNcY9yrT9CgcjyVjY4E",
          "advances_sort_timestamp": true,
          "event_otr": "ON_THE_RECORD",
          "delivery_medium": {
            "medium_type": "BABEL_MEDIUM"
          },
          "event_type": "REGULAR_CHAT_MESSAGE",
          "event_version": "1598161753893902"
        },
        {
          "conversation_id": {
            "id": "UgxSLYN7QFN2EO0bmCl4AaABAQ"
          },
          "sender_id": {
            "gaia_id": "110277980241845989847",
            "chat_id": "110277980241845989847"
          },
          "timestamp": "1598319249963342",
          "self_event_state": {
            "user_id": {
              "gaia_id": "112070878844913451690",
              "chat_id": "112070878844913451690"
            }
          },
          "chat_message": {
            "annotation": [
              {
                "type": 5,
                "value": ""
              }
            ],
            "message_content": {
              "attachment": [
                {
                  "embed_item": {
                    "type": [
                      "PLUS_PHOTO"
                    ],
                    "plus_photo": {
                      "thumbnail": {
                        "url": "https://plus.google.com/photos/albums/p09ck8falt17pbhoo3v4v5curo9q2l72q?pid=6864728901483288258&oid=110277980241845989847",
                        "image_url": "https://lh3.googleusercontent.com/-ZCyRnyU93uw/X0RqkKRE1sI/AAAAAAAAGUM/Kk7HM_g41i0F2WOpjWJPfEzq_NOKDGrtACK8BGAsYHg/s0/2020-08-24.jpg",
                        "width_px": 200,
                        "height_px": 150
                      },
                      "owner_obfuscated_id": "110277980241845989847",
                      "album_id": "6860445420451391793",
                      "photo_id": "6864728901483288258",
                      "url": "https://lh3.googleusercontent.com/-ZCyRnyU93uw/X0RqkKRE1sI/AAAAAAAAGUM/Kk7HM_g41i0F2WOpjWJPfEzq_NOKDGrtACK8BGAsYHg/s0/2020-08-24.jpg",
                      "original_content_url": "https://lh3.googleusercontent.com/ICjgSzDl5LnTDi8C85SVwjIXKGiw0vyfj3GEQhk5JI0tO7Qj3wT6hxxYrL2pCiHhH5FjMtDX-_d-bfze8Q",
                      "media_type": "PHOTO",
                      "stream_id": [
                        "BABEL_UNIQUE_ID_aae209fb-b8c3-43b0-83b6-c858141c3ce3",
                        "BABEL_STREAM_ID",
                        "shared_group_6864728901483288258"
                      ]
                    }
                  },
                  "id": "ph-4256224579387054156-fb"
                }
              ]
            }
          },
          "event_id": "9B9zNcY9yrT9ClK8Z__2kq",
          "advances_sort_timestamp": true,
          "event_otr": "ON_THE_RECORD",
          "delivery_medium": {
            "medium_type": "BABEL_MEDIUM"
          },
          "event_type": "REGULAR_CHAT_MESSAGE",
          "event_version": "1598319249963342"
        },
        {
          "conversation_id": {
            "id": "UgxSLYN7QFN2EO0bmCl4AaABAQ"
          },
          "sender_id": {
            "gaia_id": "110277980241845989847",
            "chat_id": "110277980241845989847"
          },
          "timestamp": "1598319254995059",
          "self_event_state": {
            "user_id": {
              "gaia_id": "112070878844913451690",
              "chat_id": "112070878844913451690"
            }
          },
          "chat_message": {
            "message_content": {
              "segment": [
                {
                  "type": "TEXT",
                  "text": "Use me all night like your own personal plaything, baby! ",
                  "formatting": {
                    "bold": false,
                    "italics": false,
                    "strikethrough": false,
                    "underline": false
                  }
                },
                {
                  "type": "LINK",
                  "text": "https://tirndrer.com/krkgE1",
                  "link_data": {
                    "link_target": "https://www.google.com/url?q=https://tirndrer.com/krkgE1&sa=D&source=hangouts&ust=1615942974135000&usg=AFQjCNEaUT6VjzdNVVRUkwRBpfEviUD2PQ"
                  }
                }
              ]
            }
          },
          "event_id": "9B9zNcY9yrT9ClK9ArAAS2",
          "advances_sort_timestamp": true,
          "event_otr": "ON_THE_RECORD",
          "delivery_medium": {
            "medium_type": "BABEL_MEDIUM"
          },
          "event_type": "REGULAR_CHAT_MESSAGE",
          "event_version": "1598319254995059"
        },
        {
          "conversation_id": {
            "id": "UgxSLYN7QFN2EO0bmCl4AaABAQ"
          },
          "sender_id": {
            "gaia_id": "110277980241845989847",
            "chat_id": "110277980241845989847"
          },
          "timestamp": "1598426797605804",
          "self_event_state": {
            "user_id": {
              "gaia_id": "112070878844913451690",
              "chat_id": "112070878844913451690"
            }
          },
          "chat_message": {
            "annotation": [
              {
                "type": 5,
                "value": ""
              }
            ],
            "message_content": {
              "attachment": [
                {
                  "embed_item": {
                    "type": [
                      "PLUS_PHOTO"
                    ],
                    "plus_photo": {
                      "thumbnail": {
                        "url": "https://plus.google.com/photos/albums/p09ck8falt17pbhoo3v4v5curo9q2l72q?pid=6865190813798008114&oid=110277980241845989847",
                        "image_url": "https://lh3.googleusercontent.com/-aWrMkOGt7p8/X0YOq_u0hTI/AAAAAAAAHF4/L8KBGYUOSt4lbMgPbLPHi-lYSLqBxCxhQCK8BGAsYHg/s0/2020-08-26.jpg",
                        "width_px": 200,
                        "height_px": 267
                      },
                      "owner_obfuscated_id": "110277980241845989847",
                      "album_id": "6860445420451391793",
                      "photo_id": "6865190813798008114",
                      "url": "https://lh3.googleusercontent.com/-aWrMkOGt7p8/X0YOq_u0hTI/AAAAAAAAHF4/L8KBGYUOSt4lbMgPbLPHi-lYSLqBxCxhQCK8BGAsYHg/s0/2020-08-26.jpg",
                      "original_content_url": "https://lh3.googleusercontent.com/Wv-oZ4Ph5zutRkoNVAIqh5oMtaAcT-Qa-Wwhf_oTOx5jkmdd8CEal_bYuqNChntAWjtIXXCvRoViG4pzwg",
                      "media_type": "PHOTO",
                      "stream_id": [
                        "BABEL_UNIQUE_ID_cfb7d755-01c5-489e-b36a-e2e9a7a916dc",
                        "BABEL_STREAM_ID",
                        "shared_group_6865190813798008114"
                      ]
                    }
                  },
                  "id": "ph-8101068711883354338-fb"
                }
              ]
            }
          },
          "event_id": "9B9zNcY9yrT9CoXGwRwJhQ",
          "advances_sort_timestamp": true,
          "event_otr": "ON_THE_RECORD",
          "delivery_medium": {
            "medium_type": "BABEL_MEDIUM"
          },
          "event_type": "REGULAR_CHAT_MESSAGE",
          "event_version": "1598426797605804"
        },
        {
          "conversation_id": {
            "id": "UgxSLYN7QFN2EO0bmCl4AaABAQ"
          },
          "sender_id": {
            "gaia_id": "110277980241845989847",
            "chat_id": "110277980241845989847"
          },
          "timestamp": "1598426802155902",
          "self_event_state": {
            "user_id": {
              "gaia_id": "112070878844913451690",
              "chat_id": "112070878844913451690"
            }
          },
          "chat_message": {
            "message_content": {
              "segment": [
                {
                  "type": "TEXT",
                  "text": "You're hot to such an extent that it is excruciating ",
                  "formatting": {
                    "bold": false,
                    "italics": false,
                    "strikethrough": false,
                    "underline": false
                  }
                },
                {
                  "type": "LINK",
                  "text": "https://tirndrer.com/hkAYE1",
                  "link_data": {
                    "link_target": "https://www.google.com/url?q=https://tirndrer.com/hkAYE1&sa=D&source=hangouts&ust=1615942974135000&usg=AFQjCNGuJEY2Wo4nyZfZAXdlwljrqsB4vA"
                  }
                }
              ]
            }
          },
          "event_id": "9B9zNcY9yrT9CoXHUsQcXO",
          "advances_sort_timestamp": true,
          "event_otr": "ON_THE_RECORD",
          "delivery_medium": {
            "medium_type": "BABEL_MEDIUM"
          },
          "event_type": "REGULAR_CHAT_MESSAGE",
          "event_version": "1598426802155902"
        },
        {
          "conversation_id": {
            "id": "UgxSLYN7QFN2EO0bmCl4AaABAQ"
          },
          "sender_id": {
            "gaia_id": "110277980241845989847",
            "chat_id": "110277980241845989847"
          },
          "timestamp": "1598843774173271",
          "self_event_state": {
            "user_id": {
              "gaia_id": "112070878844913451690",
              "chat_id": "112070878844913451690"
            }
          },
          "chat_message": {
            "annotation": [
              {
                "type": 5,
                "value": ""
              }
            ],
            "message_content": {
              "attachment": [
                {
                  "embed_item": {
                    "type": [
                      "PLUS_PHOTO"
                    ],
                    "plus_photo": {
                      "thumbnail": {
                        "url": "https://plus.google.com/photos/albums/p09ck8falt17pbhoo3v4v5curo9q2l72q?pid=6866981714972688914&oid=110277980241845989847",
                        "image_url": "https://lh3.googleusercontent.com/-thl_trRCJuM/X0xrfKgMwhI/AAAAAAAAIgg/Dfau2Jx31XcGllJLUGYp4AX0OEVfq1pfQCK8BGAsYHg/s0/2020-08-30.jpg",
                        "width_px": 200,
                        "height_px": 150
                      },
                      "owner_obfuscated_id": "110277980241845989847",
                      "album_id": "6860445420451391793",
                      "photo_id": "6866981714972688914",
                      "url": "https://lh3.googleusercontent.com/-thl_trRCJuM/X0xrfKgMwhI/AAAAAAAAIgg/Dfau2Jx31XcGllJLUGYp4AX0OEVfq1pfQCK8BGAsYHg/s0/2020-08-30.jpg",
                      "original_content_url": "https://lh3.googleusercontent.com/vRU0SYTR_8iZEt_xfwHlO0dNIlIZwTNvRMoRk1yii_2rysUyARBw_l9ieRRMBQoi6D4jAPHPloRjPXdRgw",
                      "media_type": "PHOTO",
                      "stream_id": [
                        "BABEL_UNIQUE_ID_5bf0a378-3800-427f-afee-7a538a397f01",
                        "BABEL_STREAM_ID",
                        "shared_group_6866981714972688914"
                      ]
                    }
                  },
                  "id": "ph-8118067155104033697-fb"
                }
              ]
            }
          },
          "event_id": "9B9zNcY9yrT9D-xaOkcgA1",
          "advances_sort_timestamp": true,
          "event_otr": "ON_THE_RECORD",
          "delivery_medium": {
            "medium_type": "BABEL_MEDIUM"
          },
          "event_type": "REGULAR_CHAT_MESSAGE",
          "event_version": "1598843774173271"
        },
        {
          "conversation_id": {
            "id": "UgxSLYN7QFN2EO0bmCl4AaABAQ"
          },
          "sender_id": {
            "gaia_id": "110277980241845989847",
            "chat_id": "110277980241845989847"
          },
          "timestamp": "1598927481719451",
          "self_event_state": {
            "user_id": {
              "gaia_id": "112070878844913451690",
              "chat_id": "112070878844913451690"
            }
          },
          "chat_message": {
            "annotation": [
              {
                "type": 5,
                "value": ""
              }
            ],
            "message_content": {
              "attachment": [
                {
                  "embed_item": {
                    "type": [
                      "PLUS_PHOTO"
                    ],
                    "plus_photo": {
                      "thumbnail": {
                        "url": "https://plus.google.com/photos/albums/p09ck8falt17pbhoo3v4v5curo9q2l72q?pid=6867341238358750002&oid=110277980241845989847",
                        "image_url": "https://lh3.googleusercontent.com/-aiewIQsa_Ps/X02yeLfDszI/AAAAAAAAJKA/vVwDXoMWgcEBy76G-A6VRVveRNBqebbJACK8BGAsYHg/s0/2020-08-31.jpg",
                        "width_px": 200,
                        "height_px": 170
                      },
                      "owner_obfuscated_id": "110277980241845989847",
                      "album_id": "6860445420451391793",
                      "photo_id": "6867341238358750002",
                      "url": "https://lh3.googleusercontent.com/-aiewIQsa_Ps/X02yeLfDszI/AAAAAAAAJKA/vVwDXoMWgcEBy76G-A6VRVveRNBqebbJACK8BGAsYHg/s0/2020-08-31.jpg",
                      "original_content_url": "https://lh3.googleusercontent.com/8yjm8XRLdYcz8sedU64WOuyW1nx2eijc_v9VWSQ4wYEzSLIOORvF3YLej4sBgNenQ78oN3sJoUiT57lw6g",
                      "media_type": "PHOTO",
                      "stream_id": [
                        "BABEL_UNIQUE_ID_7b176159-7375-426d-b905-1817fb8fe3ae",
                        "BABEL_STREAM_ID",
                        "shared_group_6867341238358750002"
                      ]
                    }
                  },
                  "id": "ph-5777502448510469732-fb"
                }
              ]
            }
          },
          "event_id": "9B9zNcY9yrT9D2SFay6bFK",
          "advances_sort_timestamp": true,
          "event_otr": "ON_THE_RECORD",
          "delivery_medium": {
            "medium_type": "BABEL_MEDIUM"
          },
          "event_type": "REGULAR_CHAT_MESSAGE",
          "event_version": "1598927481719451"
        },
        {
          "conversation_id": {
            "id": "UgxSLYN7QFN2EO0bmCl4AaABAQ"
          },
          "sender_id": {
            "gaia_id": "110277980241845989847",
            "chat_id": "110277980241845989847"
          },
          "timestamp": "1598927484716745",
          "self_event_state": {
            "user_id": {
              "gaia_id": "112070878844913451690",
              "chat_id": "112070878844913451690"
            }
          },
          "chat_message": {
            "message_content": {
              "segment": [
                {
                  "type": "TEXT",
                  "text": "I don't hate foreplay, but I do like to get down and dirty right away... ",
                  "formatting": {
                    "bold": false,
                    "italics": false,
                    "strikethrough": false,
                    "underline": false
                  }
                },
                {
                  "type": "LINK",
                  "text": "https://tirndrer.com/0idTQ1",
                  "link_data": {
                    "link_target": "https://www.google.com/url?q=https://tirndrer.com/0idTQ1&sa=D&source=hangouts&ust=1615942974135000&usg=AFQjCNH1jG8p9UJx4M8cuOlLAUNGHgX6zQ"
                  }
                }
              ]
            }
          },
          "event_id": "9B9zNcY9yrT9D2SFyYcKdm",
          "advances_sort_timestamp": true,
          "event_otr": "ON_THE_RECORD",
          "delivery_medium": {
            "medium_type": "BABEL_MEDIUM"
          },
          "event_type": "REGULAR_CHAT_MESSAGE",
          "event_version": "1598927484716745"
        },
        {
          "conversation_id": {
            "id": "UgxSLYN7QFN2EO0bmCl4AaABAQ"
          },
          "sender_id": {
            "gaia_id": "110277980241845989847",
            "chat_id": "110277980241845989847"
          },
          "timestamp": "1599294388562010",
          "self_event_state": {
            "user_id": {
              "gaia_id": "112070878844913451690",
              "chat_id": "112070878844913451690"
            }
          },
          "chat_message": {
            "message_content": {
              "segment": [
                {
                  "type": "TEXT",
                  "text": "I can't believe I wrote here a message while I was peeing ",
                  "formatting": {
                    "bold": false,
                    "italics": false,
                    "strikethrough": false,
                    "underline": false
                  }
                },
                {
                  "type": "LINK",
                  "text": "https://tirndrer.com/F7qN_1",
                  "link_data": {
                    "link_target": "https://www.google.com/url?q=https://tirndrer.com/F7qN_1&sa=D&source=hangouts&ust=1615942974135000&usg=AFQjCNEGHg3oegfVohcZ1if1iRcDwIwvZQ"
                  }
                }
              ]
            }
          },
          "event_id": "9B9zNcY9yrT9DDO41f09bS",
          "advances_sort_timestamp": true,
          "event_otr": "ON_THE_RECORD",
          "delivery_medium": {
            "medium_type": "BABEL_MEDIUM"
          },
          "event_type": "REGULAR_CHAT_MESSAGE",
          "event_version": "1599294388562010"
        },
        {
          "conversation_id": {
            "id": "UgxSLYN7QFN2EO0bmCl4AaABAQ"
          },
          "sender_id": {
            "gaia_id": "110277980241845989847",
            "chat_id": "110277980241845989847"
          },
          "timestamp": "1600099752078816",
          "self_event_state": {
            "user_id": {
              "gaia_id": "112070878844913451690",
              "chat_id": "112070878844913451690"
            }
          },
          "chat_message": {
            "annotation": [
              {
                "type": 5,
                "value": ""
              }
            ],
            "message_content": {
              "attachment": [
                {
                  "embed_item": {
                    "type": [
                      "PLUS_PHOTO"
                    ],
                    "plus_photo": {
                      "thumbnail": {
                        "url": "https://plus.google.com/photos/albums/p09ck8falt17pbhoo3v4v5curo9q2l72q?pid=6872376100676376370&oid=110277980241845989847",
                        "image_url": "https://lh3.googleusercontent.com/-fW7dOsTMwQM/X1-VpvOzFzI/AAAAAAAALPw/Pp_5l6yRH2YBbC7NSK0vTaunV6d9tg1DQCK8BGAsYHg/s0/2020-09-14.jpg",
                        "width_px": 200,
                        "height_px": 200
                      },
                      "owner_obfuscated_id": "110277980241845989847",
                      "album_id": "6860445420451391793",
                      "photo_id": "6872376100676376370",
                      "url": "https://lh3.googleusercontent.com/-fW7dOsTMwQM/X1-VpvOzFzI/AAAAAAAALPw/Pp_5l6yRH2YBbC7NSK0vTaunV6d9tg1DQCK8BGAsYHg/s0/2020-09-14.jpg",
                      "original_content_url": "https://lh3.googleusercontent.com/dcN4XupTCwvstu4W6gsiw2fB_kezf4bu2S8IuH3qj-vwYoU_uShaG2_9nEhS0rDwdlpszb4DjYzHnQ8plw",
                      "media_type": "PHOTO",
                      "stream_id": [
                        "BABEL_UNIQUE_ID_ea9c3202-c163-4eca-b823-419fd89a5020",
                        "BABEL_STREAM_ID",
                        "shared_group_6872376100676376370"
                      ]
                    }
                  },
                  "id": "ph-2625437373303650021-fb"
                }
              ]
            }
          },
          "event_id": "9B9zNcY9yrT9DaOB08mJ-c",
          "advances_sort_timestamp": true,
          "event_otr": "ON_THE_RECORD",
          "delivery_medium": {
            "medium_type": "BABEL_MEDIUM"
          },
          "event_type": "REGULAR_CHAT_MESSAGE",
          "event_version": "1600099752078816"
        },
        {
          "conversation_id": {
            "id": "UgxSLYN7QFN2EO0bmCl4AaABAQ"
          },
          "sender_id": {
            "gaia_id": "110277980241845989847",
            "chat_id": "110277980241845989847"
          },
          "timestamp": "1600099754142447",
          "self_event_state": {
            "user_id": {
              "gaia_id": "112070878844913451690",
              "chat_id": "112070878844913451690"
            }
          },
          "chat_message": {
            "message_content": {
              "segment": [
                {
                  "type": "TEXT",
                  "text": "I love when a man grabs me by my hair and pushes me up against the wall! You know the rest ",
                  "formatting": {
                    "bold": false,
                    "italics": false,
                    "strikethrough": false,
                    "underline": false
                  }
                },
                {
                  "type": "LINK",
                  "text": "https://tirndrer.com/UHB462",
                  "link_data": {
                    "link_target": "https://www.google.com/url?q=https://tirndrer.com/UHB462&sa=D&source=hangouts&ust=1615942974135000&usg=AFQjCNEovTva-BMRyehMQm5c_eTjKyAJRw"
                  }
                }
              ]
            }
          },
          "event_id": "9B9zNcY9yrT9DaOBGFtaFz",
          "advances_sort_timestamp": true,
          "event_otr": "ON_THE_RECORD",
          "delivery_medium": {
            "medium_type": "BABEL_MEDIUM"
          },
          "event_type": "REGULAR_CHAT_MESSAGE",
          "event_version": "1600099754142447"
        },
        {
          "conversation_id": {
            "id": "UgxSLYN7QFN2EO0bmCl4AaABAQ"
          },
          "sender_id": {
            "gaia_id": "110277980241845989847",
            "chat_id": "110277980241845989847"
          },
          "timestamp": "1600337844640496",
          "self_event_state": {
            "user_id": {
              "gaia_id": "112070878844913451690",
              "chat_id": "112070878844913451690"
            }
          },
          "chat_message": {
            "message_content": {
              "segment": [
                {
                  "type": "TEXT",
                  "text": "Eros and sexuality are two very different things... ",
                  "formatting": {
                    "bold": false,
                    "italics": false,
                    "strikethrough": false,
                    "underline": false
                  }
                },
                {
                  "type": "LINK",
                  "text": "https://tirndrer.com/B6ke72",
                  "link_data": {
                    "link_target": "https://www.google.com/url?q=https://tirndrer.com/B6ke72&sa=D&source=hangouts&ust=1615942974135000&usg=AFQjCNEbiDRogAX_7Bydyf-X94bP7XMvnA"
                  }
                }
              ]
            }
          },
          "event_id": "9B9zNcY9yrT9DhUJ2L_vuO",
          "advances_sort_timestamp": true,
          "event_otr": "ON_THE_RECORD",
          "delivery_medium": {
            "medium_type": "BABEL_MEDIUM"
          },
          "event_type": "REGULAR_CHAT_MESSAGE",
          "event_version": "1600337844640496"
        },
        {
          "conversation_id": {
            "id": "UgxSLYN7QFN2EO0bmCl4AaABAQ"
          },
          "sender_id": {
            "gaia_id": "110277980241845989847",
            "chat_id": "110277980241845989847"
          },
          "timestamp": "1601554587676693",
          "self_event_state": {
            "user_id": {
              "gaia_id": "112070878844913451690",
              "chat_id": "112070878844913451690"
            }
          },
          "chat_message": {
            "annotation": [
              {
                "type": 5,
                "value": ""
              }
            ],
            "message_content": {
              "attachment": [
                {
                  "embed_item": {
                    "type": [
                      "PLUS_PHOTO"
                    ],
                    "plus_photo": {
                      "thumbnail": {
                        "url": "https://plus.google.com/photos/albums/p09ck8falt17pbhoo3v4v5curo9q2l72q?pid=6878624573487126642&oid=110277980241845989847",
                        "image_url": "https://lh3.googleusercontent.com/-I-pVJjw3bak/X3XImuX5GHI/AAAAAAAAOtE/iUDD8wSb4vcQ3s5ay_UcBqN4fDdvN6LKgCK8BGAsYHg/s0/2020-10-01.jpg",
                        "width_px": 200,
                        "height_px": 222
                      },
                      "owner_obfuscated_id": "110277980241845989847",
                      "album_id": "6860445420451391793",
                      "photo_id": "6878624573487126642",
                      "url": "https://lh3.googleusercontent.com/-I-pVJjw3bak/X3XImuX5GHI/AAAAAAAAOtE/iUDD8wSb4vcQ3s5ay_UcBqN4fDdvN6LKgCK8BGAsYHg/s0/2020-10-01.jpg",
                      "original_content_url": "https://lh3.googleusercontent.com/P9vmCH4-eUNMFoYz9Wy3ecY4eiAOjBnIwXY5vdLbFV2gQMalfc0lxjzaaI7ZC5Fi0qybgf5TzUk0HVMZGA",
                      "media_type": "PHOTO",
                      "stream_id": [
                        "BABEL_UNIQUE_ID_3b6d4743-3ea5-436a-9957-15a8748b6163",
                        "BABEL_STREAM_ID",
                        "shared_group_6878624573487126642"
                      ]
                    }
                  },
                  "id": "ph-1574740226006852178-fb"
                }
              ]
            }
          },
          "event_id": "9B9zNcY9yrT9EGk3FkbH5h",
          "advances_sort_timestamp": true,
          "event_otr": "ON_THE_RECORD",
          "delivery_medium": {
            "medium_type": "BABEL_MEDIUM"
          },
          "event_type": "REGULAR_CHAT_MESSAGE",
          "event_version": "1601554587676693"
        },
        {
          "conversation_id": {
            "id": "UgxSLYN7QFN2EO0bmCl4AaABAQ"
          },
          "sender_id": {
            "gaia_id": "110277980241845989847",
            "chat_id": "110277980241845989847"
          },
          "timestamp": "1601554588338179",
          "self_event_state": {
            "user_id": {
              "gaia_id": "112070878844913451690",
              "chat_id": "112070878844913451690"
            }
          },
          "chat_message": {
            "message_content": {
              "segment": [
                {
                  "type": "TEXT",
                  "text": "I'm watching a porn video and is awakening lots of needs and wants... ",
                  "formatting": {
                    "bold": false,
                    "italics": false,
                    "strikethrough": false,
                    "underline": false
                  }
                },
                {
                  "type": "LINK",
                  "text": "https://whorible.com/8nlzcDG7n8",
                  "link_data": {
                    "link_target": "https://www.google.com/url?q=https://whorible.com/8nlzcDG7n8&sa=D&source=hangouts&ust=1615942974135000&usg=AFQjCNEQn-F0Z_MNV6R2FBdnQ8ri-5ofWA"
                  }
                }
              ]
            }
          },
          "event_id": "9B9zNcY9yrT9EGk3KZ91PV",
          "advances_sort_timestamp": true,
          "event_otr": "ON_THE_RECORD",
          "delivery_medium": {
            "medium_type": "BABEL_MEDIUM"
          },
          "event_type": "REGULAR_CHAT_MESSAGE",
          "event_version": "1601554588338179"
        },
        {
          "conversation_id": {
            "id": "UgxSLYN7QFN2EO0bmCl4AaABAQ"
          },
          "sender_id": {
            "gaia_id": "110277980241845989847",
            "chat_id": "110277980241845989847"
          },
          "timestamp": "1601679507029253",
          "self_event_state": {
            "user_id": {
              "gaia_id": "112070878844913451690",
              "chat_id": "112070878844913451690"
            }
          },
          "chat_message": {
            "message_content": {
              "segment": [
                {
                  "type": "TEXT",
                  "text": "Come over, I'll show you how those yoga classes have made me super flexible ;)",
                  "formatting": {
                    "bold": false,
                    "italics": false,
                    "strikethrough": false,
                    "underline": false
                  }
                }
              ]
            }
          },
          "event_id": "9B9zNcY9yrT9EKTKBtd_Jx",
          "advances_sort_timestamp": true,
          "event_otr": "ON_THE_RECORD",
          "delivery_medium": {
            "medium_type": "BABEL_MEDIUM"
          },
          "event_type": "REGULAR_CHAT_MESSAGE",
          "event_version": "1601679507029253"
        },
        {
          "conversation_id": {
            "id": "UgxSLYN7QFN2EO0bmCl4AaABAQ"
          },
          "sender_id": {
            "gaia_id": "110277980241845989847",
            "chat_id": "110277980241845989847"
          },
          "timestamp": "1601923044819683",
          "self_event_state": {
            "user_id": {
              "gaia_id": "112070878844913451690",
              "chat_id": "112070878844913451690"
            }
          },
          "chat_message": {
            "message_content": {
              "segment": [
                {
                  "type": "TEXT",
                  "text": "I just bought some sexy lingerie. I can't wait to put it on for someone special",
                  "formatting": {
                    "bold": false,
                    "italics": false,
                    "strikethrough": false,
                    "underline": false
                  }
                }
              ]
            }
          },
          "event_id": "9B9zNcY9yrT9ERipw2Zssf",
          "advances_sort_timestamp": true,
          "event_otr": "ON_THE_RECORD",
          "delivery_medium": {
            "medium_type": "BABEL_MEDIUM"
          },
          "event_type": "REGULAR_CHAT_MESSAGE",
          "event_version": "1601923044819683"
        },
        {
          "conversation_id": {
            "id": "UgxSLYN7QFN2EO0bmCl4AaABAQ"
          },
          "sender_id": {
            "gaia_id": "110277980241845989847",
            "chat_id": "110277980241845989847"
          },
          "timestamp": "1602183469217816",
          "self_event_state": {
            "user_id": {
              "gaia_id": "112070878844913451690",
              "chat_id": "112070878844913451690"
            }
          },
          "chat_message": {
            "message_content": {
              "segment": [
                {
                  "type": "TEXT",
                  "text": "I love that moment when someone makes you laugh and I want to be that person for you ",
                  "formatting": {
                    "bold": false,
                    "italics": false,
                    "strikethrough": false,
                    "underline": false
                  }
                },
                {
                  "type": "LINK",
                  "text": "https://whorible.com/64Icc1upc11",
                  "link_data": {
                    "link_target": "https://www.google.com/url?q=https://whorible.com/64Icc1upc11&sa=D&source=hangouts&ust=1615942974135000&usg=AFQjCNGnmXElqBMNi7f2mlIbUJWSAW2Vew"
                  }
                }
              ]
            }
          },
          "event_id": "9B9zNcY9yrT9EZUZ0UBkHX",
          "advances_sort_timestamp": true,
          "event_otr": "ON_THE_RECORD",
          "delivery_medium": {
            "medium_type": "BABEL_MEDIUM"
          },
          "event_type": "REGULAR_CHAT_MESSAGE",
          "event_version": "1602183469217816"
        },
        {
          "conversation_id": {
            "id": "UgxSLYN7QFN2EO0bmCl4AaABAQ"
          },
          "sender_id": {
            "gaia_id": "110277980241845989847",
            "chat_id": "110277980241845989847"
          },
          "timestamp": "1602367428491036",
          "self_event_state": {
            "user_id": {
              "gaia_id": "112070878844913451690",
              "chat_id": "112070878844913451690"
            }
          },
          "chat_message": {
            "message_content": {
              "segment": [
                {
                  "type": "TEXT",
                  "text": "Remember to not work too hard and to leave plenty of energy for me!",
                  "formatting": {
                    "bold": false,
                    "italics": false,
                    "strikethrough": false,
                    "underline": false
                  }
                }
              ]
            }
          },
          "event_id": "9B9zNcY9yrT9EdyQzOr319",
          "advances_sort_timestamp": true,
          "event_otr": "ON_THE_RECORD",
          "delivery_medium": {
            "medium_type": "BABEL_MEDIUM"
          },
          "event_type": "REGULAR_CHAT_MESSAGE",
          "event_version": "1602367428491036"
        },
        {
          "conversation_id": {
            "id": "UgxSLYN7QFN2EO0bmCl4AaABAQ"
          },
          "sender_id": {
            "gaia_id": "110277980241845989847",
            "chat_id": "110277980241845989847"
          },
          "timestamp": "1602600360277585",
          "self_event_state": {
            "user_id": {
              "gaia_id": "112070878844913451690",
              "chat_id": "112070878844913451690"
            }
          },
          "chat_message": {
            "message_content": {
              "segment": [
                {
                  "type": "TEXT",
                  "text": "I can describe my physical needs more openly through the veil of the Internet, that is why I adore sexting with strangers",
                  "formatting": {
                    "bold": false,
                    "italics": false,
                    "strikethrough": false,
                    "underline": false
                  }
                }
              ]
            }
          },
          "event_id": "9B9zNcY9yrT9Ekui1riTsC",
          "advances_sort_timestamp": true,
          "event_otr": "ON_THE_RECORD",
          "delivery_medium": {
            "medium_type": "BABEL_MEDIUM"
          },
          "event_type": "REGULAR_CHAT_MESSAGE",
          "event_version": "1602600360277585"
        }
      ]
    }
  ]
}